pin_file,book_id,title,description,link,board
"pin-01.jpg","pride-and-prejudice","Pride and Prejudice Free PDF Download - Jane Austen Classic","Download Pride and Prejudice by Jane Austen completely free. No signup needed. England.. Instant PDF download at lifewithbooks.co #freebooks #freepdfs #lifewithbooks #prideandprejudice #janeausten #classicbooks","https://www.lifewithbooks.co/book/pride-and-prejudice.html","Free Classic Books PDF"
"pin-02.jpg","1500-vocabulary-words-for-speaking-english","1500 Vocabulary Words for Speaking English Free PDF Download | LifeWithBooks","Download 1500 Vocabulary Words for Speaking English by Mubashir Mehdi completely free. No signup needed. examples. Free PDF by Mubashir Mehdi.. Instant PDF download at lifewithbooks.co #freebooks #freepdfs #lifewithbooks #1500vocabularywordsforsp #mubashirmehdi","https://www.lifewithbooks.co/book/1500-vocabulary-words-for-speaking-english.html","Free English Learning PDF"
"pin-03.jpg","30-topics-for-english-conversation","30 Topics for English Conversation Free PDF Download | LifeWithBooks","Download 30 Topics for English Conversation by Mubashir Mehdi completely free. No signup needed. answers. Free PDF by Mubashir Mehdi.. Instant PDF download at lifewithbooks.co #freebooks #freepdfs #lifewithbooks #30topicsforenglishconver #mubashirmehdi","https://www.lifewithbooks.co/book/30-topics-for-english-conversation.html","Free English Learning PDF"
"pin-04.jpg","a-christmas-carol","A Christmas Carol Free PDF Download - Charles Dickens Classic","Download A Christmas Carol by Charles Dickens completely free. No signup needed. Christmas.. Instant PDF download at lifewithbooks.co #freebooks #freepdfs #lifewithbooks #achristmascarol #charlesdickens #classicbooks","https://www.lifewithbooks.co/book/a-christmas-carol.html","Free Classic Books PDF"
"pin-05.jpg","a-study-in-scarlet","A Study in Scarlet Free PDF Download - Classic Author Classic","Download A Study in Scarlet by Classic Author completely free. No signup needed. America.. Instant PDF download at lifewithbooks.co #freebooks #freepdfs #lifewithbooks #astudyinscarlet #classicbooks","https://www.lifewithbooks.co/book/a-study-in-scarlet.html","Free Classic Books PDF"
"pin-06.jpg","a-tale-of-two-cities","A Tale of Two Cities Free PDF Download - Dickens Classic","Download A Tale of Two Cities by Dickens completely free. No signup needed. Revolution.. Instant PDF download at lifewithbooks.co #freebooks #freepdfs #lifewithbooks #ataleoftwocities #dickens #classicbooks","https://www.lifewithbooks.co/book/a-tale-of-two-cities.html","Free Classic Books PDF"
"pin-07.jpg","adventures-of-huckleberry-finn","Adventures of Huckleberry Finn Free PDF Download - Huck Finn and the runaway Jim journey down the Mississippi in Twain Classic","Download Adventures of Huckleberry Finn by Huck Finn and the runaway Jim journey down the Mississippi in Twain completely free. No signup needed. novel.. Instant PDF download at lifewithbooks.co #freebooks #freepdfs #lifewithbooks #adventuresofhuckleberryf #huckfinnandtherunawayjimjourneydownthemississippiintwain #classicbooks","https://www.lifewithbooks.co/book/adventures-of-huckleberry-finn.html","Free Classic Books PDF"
"pin-08.jpg","aesops-fables","Aesop's Fables Free PDF Download - Classic Author Classic","Download Aesop's Fables by Classic Author completely free. No signup needed. Aesop.. Instant PDF download at lifewithbooks.co #freebooks #freepdfs #lifewithbooks #aesopsfables","https://www.lifewithbooks.co/book/aesops-fables.html","Free Classic Books PDF"
"pin-09.jpg","alices-adventures-in-wonderland","Alice's Adventures in Wonderland Free PDF Download - Lewis Carroll Classic","Download Alice's Adventures in Wonderland by Lewis Carroll completely free. No signup needed. wonder.. Instant PDF download at lifewithbooks.co #freebooks #freepdfs #lifewithbooks #alicesadventuresinwonder #lewiscarroll #classicbooks","https://www.lifewithbooks.co/book/alices-adventures-in-wonderland.html","Free Classic Books PDF"
"pin-10.jpg","wealth-of-nations-abridged-selection","An Inquiry into the Nature and Causes o... Free PDF Download - Adam Smith Classic","Download An Inquiry into the Nature and Causes of the Wealth of Nations (Selection) by Adam Smith completely free. No signup needed. thought.. Instant PDF download at lifewithbooks.co #freebooks #freepdfs #lifewithbooks #wealthofnationsabridgeds #adamsmith","https://www.lifewithbooks.co/book/wealth-of-nations-abridged-selection.html","Free Classic Books PDF"
"pin-11.jpg","anna-karenina","Anna Karenina Free PDF Download - Leo Tolstoy Classic","Download Anna Karenina by Leo Tolstoy completely free. No signup needed. life.. Instant PDF download at lifewithbooks.co #freebooks #freepdfs #lifewithbooks #annakarenina #leotolstoy #classicbooks","https://www.lifewithbooks.co/book/anna-karenina.html","Free Classic Books PDF"
"pin-12.jpg","anne-of-avonlea","Anne of Avonlea Free PDF Download - Anne Shirley becomes a teacher and grows up in Montgomery Classic","Download Anne of Avonlea by Anne Shirley becomes a teacher and grows up in Montgomery completely free. No signup needed. sequel.. Instant PDF download at lifewithbooks.co #freebooks #freepdfs #lifewithbooks #anneofavonlea #anneshirleybecomesateacherandgrowsupinmontgomery #classicbooks","https://www.lifewithbooks.co/book/anne-of-avonlea.html","Free Classic Books PDF"
"pin-13.jpg","anne-of-green-gables","Anne of Green Gables Free PDF Download - The spirited orphan Anne Shirley transforms life at Green Gables in Montgomery Classic","Download Anne of Green Gables by The spirited orphan Anne Shirley transforms life at Green Gables in Montgomery completely free. No signup needed. novel.. Instant PDF download at lifewithbooks.co #freebooks #freepdfs #lifewithbooks #anneofgreengables #thespiritedorphananneshirleytransformslifeatgreengablesinmontgomery #classicbooks","https://www.lifewithbooks.co/book/anne-of-green-gables.html","Free Classic Books PDF"
"pin-14.jpg","anne-of-the-island","Anne of the Island Free PDF Download - Classic Author Classic","Download Anne of the Island by Classic Author completely free. No signup needed. book.. Instant PDF download at lifewithbooks.co #freebooks #freepdfs #lifewithbooks #anneoftheisland #classicbooks","https://www.lifewithbooks.co/book/anne-of-the-island.html","Free Classic Books PDF"
"pin-15.jpg","around-the-world-in-eighty-days","Around the World in Eighty Days Free PDF Download - Jules Verne Classic","Download Around the World in Eighty Days by Jules Verne completely free. No signup needed. Passepartout.. Instant PDF download at lifewithbooks.co #freebooks #freepdfs #lifewithbooks #aroundtheworldineightyda #julesverne","https://www.lifewithbooks.co/book/around-the-world-in-eighty-days.html","Free Classic Books PDF"
"pin-16.jpg","as-a-man-thinketh","As a Man Thinketh Free PDF Download - James Allen Classic","Download As a Man Thinketh by James Allen completely free. No signup needed. success.. Instant PDF download at lifewithbooks.co #freebooks #freepdfs #lifewithbooks #asamanthinketh #jamesallen","https://www.lifewithbooks.co/book/as-a-man-thinketh.html","Free Classic Books PDF"
"pin-17.jpg","black-beauty","Black Beauty Free PDF Download - Classic Author Classic","Download Black Beauty by Classic Author completely free. No signup needed. cruelty.. Instant PDF download at lifewithbooks.co #freebooks #freepdfs #lifewithbooks #blackbeauty","https://www.lifewithbooks.co/book/black-beauty.html","Free Kids Learning PDF"
"pin-18.jpg","candide","Candide Free PDF Download - Voltaire Classic","Download Candide by Voltaire completely free. No signup needed. pretension.. Instant PDF download at lifewithbooks.co #freebooks #freepdfs #lifewithbooks #candide #voltaire #classicbooks","https://www.lifewithbooks.co/book/candide.html","Free Classic Books PDF"
"pin-19.jpg","common-sense","Common Sense Free PDF Download - Thomas Paine Classic","Download Common Sense by Thomas Paine completely free. No signup needed. independence.. Instant PDF download at lifewithbooks.co #freebooks #freepdfs #lifewithbooks #commonsense #thomaspaine","https://www.lifewithbooks.co/book/common-sense.html","Free Classic Books PDF"
"pin-20.jpg","crime-and-punishment","Crime and Punishment Free PDF Download - Fyodor Dostoevsky Classic","Download Crime and Punishment by Fyodor Dostoevsky completely free. No signup needed. Petersburg.. Instant PDF download at lifewithbooks.co #freebooks #freepdfs #lifewithbooks #crimeandpunishment #fyodordostoevsky #classicbooks","https://www.lifewithbooks.co/book/crime-and-punishment.html","Free Classic Books PDF"
"pin-21.jpg","css-pms-english-essay-guide","CSS PMS English Essay Guide Free PDF Download | LifeWithBooks","Download CSS PMS English Essay Guide by LifeWithBooks Editorial Team completely free. No signup needed. schedule. Free PDF.. Instant PDF download at lifewithbooks.co #freebooks #freepdfs #lifewithbooks #csspmsenglishessayguide #lifewithbookseditorialteam","https://www.lifewithbooks.co/book/css-pms-english-essay-guide.html","Free English Learning PDF"
"pin-22.jpg","dracula","Dracula Free PDF Download - Bram Stoker Classic","Download Dracula by Bram Stoker completely free. No signup needed. readers.. Instant PDF download at lifewithbooks.co #freebooks #freepdfs #lifewithbooks #dracula #bramstoker #classicbooks","https://www.lifewithbooks.co/book/dracula.html","Free Classic Books PDF"
"pin-23.jpg","emma","Emma Free PDF Download - Jane Austen Classic","Download Emma by Jane Austen completely free. No signup needed. England.. Instant PDF download at lifewithbooks.co #freebooks #freepdfs #lifewithbooks #emma #janeausten #classicbooks","https://www.lifewithbooks.co/book/emma.html","Free Classic Books PDF"
"pin-24.jpg","english-for-meetings-phrases-expressions","English for Meetings — Phrases, Express... Free PDF Download | LifeWithBooks","Download English for Meetings — Phrases, Expressions and One Case to Be Fluent in Meetings by Mubashir Mehdi completely free. No signup needed. meeting.. Instant PDF download at lifewithbooks.co #freebooks #freepdfs #lifewithbooks #englishformeetingsphrase #mubashirmehdi","https://www.lifewithbooks.co/book/english-for-meetings-phrases-expressions.html","Free English Learning PDF"
"pin-25.jpg","english-in-everyday-life","English in Everyday Life Free PDF Download | LifeWithBooks","Download English in Everyday Life by Mubashir Mehdi completely free. No signup needed. friends.. Instant PDF download at lifewithbooks.co #freebooks #freepdfs #lifewithbooks #englishineverydaylife #mubashirmehdi","https://www.lifewithbooks.co/book/english-in-everyday-life.html","Free English Learning PDF"
"pin-26.jpg","english-phonetics-and-phonology","English Phonetics and Phonology — An In... Free PDF Download | LifeWithBooks","Download English Phonetics and Phonology — An Introduction by Mubashir Mehdi completely free. No signup needed. speech.. Instant PDF download at lifewithbooks.co #freebooks #freepdfs #lifewithbooks #englishphoneticsandphono #mubashirmehdi","https://www.lifewithbooks.co/book/english-phonetics-and-phonology.html","Free English Learning PDF"
"pin-27.jpg","english-unlimited","English Unlimited Free PDF Download | LifeWithBooks","Download English Unlimited by Mubashir Mehdi completely free. No signup needed. level.. Instant PDF download at lifewithbooks.co #freebooks #freepdfs #lifewithbooks #englishunlimited #mubashirmehdi","https://www.lifewithbooks.co/book/english-unlimited.html","Free English Learning PDF"
"pin-28.jpg","english-vocabulary-in-use-upper-intermediate","English Vocabulary in Use — Upper Inter... Free PDF Download | LifeWithBooks","Download English Vocabulary in Use — Upper Intermediate by Mubashir Mehdi completely free. No signup needed. right.. Instant PDF download at lifewithbooks.co #freebooks #freepdfs #lifewithbooks #englishvocabularyinuseup #mubashirmehdi","https://www.lifewithbooks.co/book/english-vocabulary-in-use-upper-intermediate.html","Free English Learning PDF"
"pin-29.jpg","extraordinary-popular-delusions","Extraordinary Popular Delusions and the... Free PDF Download - Charles Mackay Classic","Download Extraordinary Popular Delusions and the Madness of Crowds by Charles Mackay completely free. No signup needed. history.. Instant PDF download at lifewithbooks.co #freebooks #freepdfs #lifewithbooks #extraordinarypopulardelu #charlesmackay","https://www.lifewithbooks.co/book/extraordinary-popular-delusions.html","Free Classic Books PDF"
"pin-30.jpg","far-from-the-madding-crowd","Far from the Madding Crowd Free PDF Download - Hardy Classic","Download Far from the Madding Crowd by Hardy completely free. No signup needed. her.. Instant PDF download at lifewithbooks.co #freebooks #freepdfs #lifewithbooks #farfromthemaddingcrowd #hardy #classicbooks","https://www.lifewithbooks.co/book/far-from-the-madding-crowd.html","Free Classic Books PDF"
"pin-31.jpg","frankenstein","Frankenstein Free PDF Download - Mary Shelley Classic","Download Frankenstein by Mary Shelley completely free. No signup needed. human.. Instant PDF download at lifewithbooks.co #freebooks #freepdfs #lifewithbooks #frankenstein #maryshelley #classicbooks","https://www.lifewithbooks.co/book/frankenstein.html","Free Classic Books PDF"
"pin-32.jpg","fundamentals-of-english-grammar-workbook","Fundamentals of English Grammar — Workbook Free PDF Download | LifeWithBooks","Download Fundamentals of English Grammar — Workbook by Mubashir Mehdi completely free. No signup needed. points.. Instant PDF download at lifewithbooks.co #freebooks #freepdfs #lifewithbooks #fundamentalsofenglishgra #mubashirmehdi","https://www.lifewithbooks.co/book/fundamentals-of-english-grammar-workbook.html","Free English Learning PDF"
"pin-33.jpg","great-expectations","Great Expectations Free PDF Download - Charles Dickens Classic","Download Great Expectations by Charles Dickens completely free. No signup needed. ambition.. Instant PDF download at lifewithbooks.co #freebooks #freepdfs #lifewithbooks #greatexpectations #charlesdickens #classicbooks","https://www.lifewithbooks.co/book/great-expectations.html","Free Classic Books PDF"
"pin-34.jpg","grimms-fairy-tales","Grimms' Fairy Tales Free PDF Download - Classic Author Classic","Download Grimms' Fairy Tales by Classic Author completely free. No signup needed. Grimm.. Instant PDF download at lifewithbooks.co #freebooks #freepdfs #lifewithbooks #grimmsfairytales","https://www.lifewithbooks.co/book/grimms-fairy-tales.html","Free Classic Books PDF"
"pin-35.jpg","gullivers-travels","Gulliver's Travels Free PDF Download - Jonathan Swift Classic","Download Gulliver's Travels by Jonathan Swift completely free. No signup needed. horses.. Instant PDF download at lifewithbooks.co #freebooks #freepdfs #lifewithbooks #gulliverstravels #jonathanswift #classicbooks","https://www.lifewithbooks.co/book/gullivers-travels.html","Free Classic Books PDF"
"pin-36.jpg","heart-of-darkness","Heart of Darkness Free PDF Download - Conrad Classic","Download Heart of Darkness by Conrad completely free. No signup needed. soul.. Instant PDF download at lifewithbooks.co #freebooks #freepdfs #lifewithbooks #heartofdarkness #conrad #classicbooks","https://www.lifewithbooks.co/book/heart-of-darkness.html","Free Classic Books PDF"
"pin-37.jpg","heidi","Heidi Free PDF Download - Spyri Classic","Download Heidi by Spyri completely free. No signup needed. mountains.. Instant PDF download at lifewithbooks.co #freebooks #freepdfs #lifewithbooks #heidi #spyri","https://www.lifewithbooks.co/book/heidi.html","Free Kids Learning PDF"
"pin-38.jpg","his-last-bow","His Last Bow Free PDF Download - Holmes and Watson Classic","Download His Last Bow by Holmes and Watson completely free. No signup needed. cases.. Instant PDF download at lifewithbooks.co #freebooks #freepdfs #lifewithbooks #hislastbow #holmesandwatson #classicbooks","https://www.lifewithbooks.co/book/his-last-bow.html","Free Classic Books PDF"
"pin-39.jpg","how-to-get-really-good-at-english","How to Get Really Good at English Free PDF Download | LifeWithBooks","Download How to Get Really Good at English by Mubashir Mehdi completely free. No signup needed. level.. Instant PDF download at lifewithbooks.co #freebooks #freepdfs #lifewithbooks #howtogetreallygoodatengl #mubashirmehdi","https://www.lifewithbooks.co/book/how-to-get-really-good-at-english.html","Free English Learning PDF"
"pin-40.jpg","ielts-complete-preparation-guide","IELTS Complete Preparation Guide Free PDF Download | LifeWithBooks","Download IELTS Complete Preparation Guide by LifeWithBooks Editorial Team completely free. No signup needed. plan. Free PDF download.. Instant PDF download at lifewithbooks.co #freebooks #freepdfs #lifewithbooks #ieltscompletepreparation #lifewithbookseditorialteam","https://www.lifewithbooks.co/book/ielts-complete-preparation-guide.html","Free IELTS Study Guides"
"pin-41.jpg","ivanhoe","Ivanhoe Free PDF Download - Scott Classic","Download Ivanhoe by Scott completely free. No signup needed. England.. Instant PDF download at lifewithbooks.co #freebooks #freepdfs #lifewithbooks #ivanhoe #scott #classicbooks","https://www.lifewithbooks.co/book/ivanhoe.html","Free Classic Books PDF"
"pin-42.jpg","jane-eyre","Jane Eyre Free PDF Download - Charlotte Brontë Classic","Download Jane Eyre by Charlotte Brontë completely free. No signup needed. Hall.. Instant PDF download at lifewithbooks.co #freebooks #freepdfs #lifewithbooks #janeeyre #charlottebront #classicbooks","https://www.lifewithbooks.co/book/jane-eyre.html","Free Classic Books PDF"
"pin-43.jpg","journey-to-the-center-of-the-earth","Journey to the Center of the Earth Free PDF Download - Jules Verne Classic","Download Journey to the Center of the Earth by Jules Verne completely free. No signup needed. Hans.. Instant PDF download at lifewithbooks.co #freebooks #freepdfs #lifewithbooks #journeytothecenterofthee #julesverne","https://www.lifewithbooks.co/book/journey-to-the-center-of-the-earth.html","Free Classic Books PDF"
"pin-44.jpg","kidnapped","Kidnapped Free PDF Download - Stevenson Classic","Download Kidnapped by Stevenson completely free. No signup needed. intrigue.. Instant PDF download at lifewithbooks.co #freebooks #freepdfs #lifewithbooks #kidnapped #stevenson #classicbooks","https://www.lifewithbooks.co/book/kidnapped.html","Free Classic Books PDF"
"pin-45.jpg","king-solomons-mines","King Solomon's Mines Free PDF Download - H. Rider Haggard Classic","Download King Solomon's Mines by H. Rider Haggard completely free. No signup needed. H. Rider Haggard's African quest for legendary treasure with Allan Quatermain — a template for the lost-world adventure . Instant PDF download at lifewithbooks.co #freebooks #freepdfs #lifewithbooks #kingsolomonsmines #hriderhaggard","https://www.lifewithbooks.co/book/king-solomons-mines.html","Free Classic Books PDF"
"pin-46.jpg","learn-how-to-speak-english-fluently-7-easy-steps","Learn How to Speak English Fluently — E... Free PDF Download | LifeWithBooks","Download Learn How to Speak English Fluently — English Speaking Mastery in 7 Easy Steps by Mubashir Mehdi completely free. No signup needed. conversation.. Instant PDF download at lifewithbooks.co #freebooks #freepdfs #lifewithbooks #learnhowtospeakenglishfl #mubashirmehdi","https://www.lifewithbooks.co/book/learn-how-to-speak-english-fluently-7-easy-steps.html","Free English Learning PDF"
"pin-47.jpg","little-women","Little Women Free PDF Download - Louisa May Alcott Classic","Download Little Women by Louisa May Alcott completely free. No signup needed. era.. Instant PDF download at lifewithbooks.co #freebooks #freepdfs #lifewithbooks #littlewomen #louisamayalcott #classicbooks","https://www.lifewithbooks.co/book/little-women.html","Free Classic Books PDF"
"pin-48.jpg","longman-photo-dictionary-american-english","LONGMAN PHOTO DICTIONARY OF AMERICAN EN... Free PDF Download | LifeWithBooks","Download LONGMAN PHOTO DICTIONARY OF AMERICAN ENGLISH by Mubashir Mehdi completely free. No signup needed. learners.. Instant PDF download at lifewithbooks.co #freebooks #freepdfs #lifewithbooks #longmanphotodictionaryam #mubashirmehdi","https://www.lifewithbooks.co/book/longman-photo-dictionary-american-english.html","Free English Learning PDF"
"pin-49.jpg","macmillan-english-grammar-in-context-intermediate-1","Macmillan English Grammar in Context — ... Free PDF Download | LifeWithBooks","Download Macmillan English Grammar in Context — Intermediate (1) by Mubashir Mehdi completely free. No signup needed. examples.. Instant PDF download at lifewithbooks.co #freebooks #freepdfs #lifewithbooks #macmillanenglishgrammari #mubashirmehdi","https://www.lifewithbooks.co/book/macmillan-english-grammar-in-context-intermediate-1.html","Free English Learning PDF"
"pin-50.jpg","mcgraw-hill-conversational-american-english","McGraw-Hill Conversational American Eng... Free PDF Download | LifeWithBooks","Download McGraw-Hill Conversational American English by Mubashir Mehdi completely free. No signup needed. situations.. Instant PDF download at lifewithbooks.co #freebooks #freepdfs #lifewithbooks #mcgrawhillconversational #mubashirmehdi","https://www.lifewithbooks.co/book/mcgraw-hill-conversational-american-english.html","Free English Learning PDF"
"pin-51.jpg","meditations","Meditations Free PDF Download - Marcus Aurelius Classic","Download Meditations by Marcus Aurelius completely free. No signup needed. today.. Instant PDF download at lifewithbooks.co #freebooks #freepdfs #lifewithbooks #meditations #marcusaurelius","https://www.lifewithbooks.co/book/meditations.html","Free Classic Books PDF"
"pin-52.jpg","moby-dick","Moby-Dick Free PDF Download - Herman Melville Classic","Download Moby-Dick by Herman Melville completely free. No signup needed. novel.. Instant PDF download at lifewithbooks.co #freebooks #freepdfs #lifewithbooks #mobydick #hermanmelville #classicbooks","https://www.lifewithbooks.co/book/moby-dick.html","Free Classic Books PDF"
"pin-53.jpg","narrative-of-the-life-of-frederick-douglass","Narrative of the Life of Frederick Doug... Free PDF Download - Douglass Classic","Download Narrative of the Life of Frederick Douglass by Douglass completely free. No signup needed. freedom.. Instant PDF download at lifewithbooks.co #freebooks #freepdfs #lifewithbooks #narrativeofthelifeoffred #douglass","https://www.lifewithbooks.co/book/narrative-of-the-life-of-frederick-douglass.html","Free Classic Books PDF"
"pin-54.jpg","northanger-abbey","Northanger Abbey Free PDF Download - Austen Classic","Download Northanger Abbey by Austen completely free. No signup needed. imagination.. Instant PDF download at lifewithbooks.co #freebooks #freepdfs #lifewithbooks #northangerabbey #austen #classicbooks","https://www.lifewithbooks.co/book/northanger-abbey.html","Free Classic Books PDF"
"pin-55.jpg","oliver-twist","Oliver Twist Free PDF Download - Charles Dickens Classic","Download Oliver Twist by Charles Dickens completely free. No signup needed. London.. Instant PDF download at lifewithbooks.co #freebooks #freepdfs #lifewithbooks #olivertwist #charlesdickens #classicbooks","https://www.lifewithbooks.co/book/oliver-twist.html","Free Classic Books PDF"
"pin-56.jpg","paradise-lost","Paradise Lost Free PDF Download - Milton Classic","Download Paradise Lost by Milton completely free. No signup needed. Eden.. Instant PDF download at lifewithbooks.co #freebooks #freepdfs #lifewithbooks #paradiselost #milton #classicbooks","https://www.lifewithbooks.co/book/paradise-lost.html","Free Classic Books PDF"
"pin-57.jpg","persuasion","Persuasion Free PDF Download - Jane Austen Classic","Download Persuasion by Jane Austen completely free. No signup needed. Wentworth.. Instant PDF download at lifewithbooks.co #freebooks #freepdfs #lifewithbooks #persuasion #janeausten #classicbooks","https://www.lifewithbooks.co/book/persuasion.html","Free Classic Books PDF"
"pin-58.jpg","peter-pan","Peter Pan Free PDF Download - The boy who never grows up takes the Darling children to Neverland in J.M. Barrie Classic","Download Peter Pan by The boy who never grows up takes the Darling children to Neverland in J.M. Barrie completely free. No signup needed. J.M. Barrie's classic.. Instant PDF download at lifewithbooks.co #freebooks #freepdfs #lifewithbooks #peterpan #theboywhonevergrowsuptakesthedarlingchildrentoneverlandinjmbarrie #classicbooks","https://www.lifewithbooks.co/book/peter-pan.html","Free Classic Books PDF"
"pin-59.jpg","practical-english-usage","Practical English Usage Free PDF Download | LifeWithBooks","Download Practical English Usage by Mubashir Mehdi completely free. No signup needed. teachers.. Instant PDF download at lifewithbooks.co #freebooks #freepdfs #lifewithbooks #practicalenglishusage #mubashirmehdi","https://www.lifewithbooks.co/book/practical-english-usage.html","Free English Learning PDF"
"pin-60.jpg","preposition-focus-on-building-mastery","Preposition Focus on Building Mastery Free PDF Download | LifeWithBooks","Download Preposition Focus on Building Mastery by Mubashir Mehdi completely free. No signup needed. exercises.. Instant PDF download at lifewithbooks.co #freebooks #freepdfs #lifewithbooks #prepositionfocusonbuildi #mubashirmehdi","https://www.lifewithbooks.co/book/preposition-focus-on-building-mastery.html","Free English Learning PDF"
"pin-61.jpg","robinson-crusoe","Robinson Crusoe Free PDF Download - Daniel Defoe Classic","Download Robinson Crusoe by Daniel Defoe completely free. No signup needed. island.. Instant PDF download at lifewithbooks.co #freebooks #freepdfs #lifewithbooks #robinsoncrusoe #danieldefoe #classicbooks","https://www.lifewithbooks.co/book/robinson-crusoe.html","Free Classic Books PDF"
"pin-62.jpg","scientific-advertising","Scientific Advertising Free PDF Download - Classic Author Classic","Download Scientific Advertising by Classic Author completely free. No signup needed. domain.. Instant PDF download at lifewithbooks.co #freebooks #freepdfs #lifewithbooks #scientificadvertising","https://www.lifewithbooks.co/book/scientific-advertising.html","Free Classic Books PDF"
"pin-63.jpg","self-help-samuel-smiles","Self-Help Free PDF Download - Samuel Smiles Classic","Download Self-Help by Samuel Smiles completely free. No signup needed. self-improvement.. Instant PDF download at lifewithbooks.co #freebooks #freepdfs #lifewithbooks #selfhelpsamuelsmiles #samuelsmiles","https://www.lifewithbooks.co/book/self-help-samuel-smiles.html","Free Classic Books PDF"
"pin-64.jpg","sense-and-sensibility","Sense and Sensibility Free PDF Download - Jane Austen Classic","Download Sense and Sensibility by Jane Austen completely free. No signup needed. novel.. Instant PDF download at lifewithbooks.co #freebooks #freepdfs #lifewithbooks #senseandsensibility #janeausten #classicbooks","https://www.lifewithbooks.co/book/sense-and-sensibility.html","Free Classic Books PDF"
"pin-65.jpg","silas-marner","Silas Marner Free PDF Download - George Eliot Classic","Download Silas Marner by George Eliot completely free. No signup needed. village.. Instant PDF download at lifewithbooks.co #freebooks #freepdfs #lifewithbooks #silasmarner #georgeeliot #classicbooks","https://www.lifewithbooks.co/book/silas-marner.html","Free Classic Books PDF"
"pin-66.jpg","spoken-english-conversation-practice","Spoken English Conversation Practice Free PDF Download | LifeWithBooks","Download Spoken English Conversation Practice by Mubashir Mehdi completely free. No signup needed. confidently.. Instant PDF download at lifewithbooks.co #freebooks #freepdfs #lifewithbooks #spokenenglishconversatio #mubashirmehdi","https://www.lifewithbooks.co/book/spoken-english-conversation-practice.html","Free English Learning PDF"
"pin-67.jpg","talk-english-secret-to-speak-english","Talk English — The Secret to Speak English Free PDF Download | LifeWithBooks","Download Talk English — The Secret to Speak English by Mubashir Mehdi completely free. No signup needed. confidence.. Instant PDF download at lifewithbooks.co #freebooks #freepdfs #lifewithbooks #talkenglishsecrettospeak #mubashirmehdi","https://www.lifewithbooks.co/book/talk-english-secret-to-speak-english.html","Free English Learning PDF"
"pin-68.jpg","technical-english","Technical English Free PDF Download | LifeWithBooks","Download Technical English by Mubashir Mehdi completely free. No signup needed. workplaces.. Instant PDF download at lifewithbooks.co #freebooks #freepdfs #lifewithbooks #technicalenglish #mubashirmehdi","https://www.lifewithbooks.co/book/technical-english.html","Free English Learning PDF"
"pin-69.jpg","the-adventures-of-pinocchio","The Adventures of Pinocchio Free PDF Download - Collodi Classic","Download The Adventures of Pinocchio by Collodi completely free. No signup needed. boy.. Instant PDF download at lifewithbooks.co #freebooks #freepdfs #lifewithbooks #theadventuresofpinocchio #collodi","https://www.lifewithbooks.co/book/the-adventures-of-pinocchio.html","Free Kids Learning PDF"
"pin-70.jpg","the-adventures-of-sherlock-holmes","The Adventures of Sherlock Holmes Free PDF Download - Arthur Conan Doyle Classic","Download The Adventures of Sherlock Holmes by Arthur Conan Doyle completely free. No signup needed. Doyle.. Instant PDF download at lifewithbooks.co #freebooks #freepdfs #lifewithbooks #theadventuresofsherlockh #arthurconandoyle #classicbooks","https://www.lifewithbooks.co/book/the-adventures-of-sherlock-holmes.html","Free Classic Books PDF"
"pin-71.jpg","the-adventures-of-tom-sawyer","The Adventures of Tom Sawyer Free PDF Download - Mark Twain Classic","Download The Adventures of Tom Sawyer by Mark Twain completely free. No signup needed. Mississippi.. Instant PDF download at lifewithbooks.co #freebooks #freepdfs #lifewithbooks #theadventuresoftomsawyer #marktwain #classicbooks","https://www.lifewithbooks.co/book/the-adventures-of-tom-sawyer.html","Free Classic Books PDF"
"pin-72.jpg","the-art-of-war","The Art of War Free PDF Download - Sun Tzu Classic","Download The Art of War by Sun Tzu completely free. No signup needed. entrepreneurs.. Instant PDF download at lifewithbooks.co #freebooks #freepdfs #lifewithbooks #theartofwar #suntzu","https://www.lifewithbooks.co/book/the-art-of-war.html","Free Classic Books PDF"
"pin-73.jpg","the-awakening","The Awakening Free PDF Download - Chopin Classic","Download The Awakening by Chopin completely free. No signup needed. self-discovery.. Instant PDF download at lifewithbooks.co #freebooks #freepdfs #lifewithbooks #theawakening #chopin #classicbooks","https://www.lifewithbooks.co/book/the-awakening.html","Free Classic Books PDF"
"pin-74.jpg","the-call-of-the-wild","The Call of the Wild Free PDF Download - Jack London Classic","Download The Call of the Wild by Jack London completely free. No signup needed. rush.. Instant PDF download at lifewithbooks.co #freebooks #freepdfs #lifewithbooks #thecallofthewild #jacklondon","https://www.lifewithbooks.co/book/the-call-of-the-wild.html","Free Classic Books PDF"
"pin-75.jpg","the-great-gatsby","The Great Gatsby Free PDF Download - F. Scott Fitzgerald Classic","Download The Great Gatsby by F. Scott Fitzgerald completely free. No signup needed. Island.. Instant PDF download at lifewithbooks.co #freebooks #freepdfs #lifewithbooks #thegreatgatsby #fscottfitzgerald #classicbooks","https://www.lifewithbooks.co/book/the-great-gatsby.html","Free Classic Books PDF"
"pin-76.jpg","the-happy-prince-and-other-tales","The Happy Prince and Other Tales Free PDF Download - Oscar Wilde Classic","Download The Happy Prince and Other Tales by Oscar Wilde completely free. No signup needed. beauty.. Instant PDF download at lifewithbooks.co #freebooks #freepdfs #lifewithbooks #thehappyprinceandotherta #oscarwilde","https://www.lifewithbooks.co/book/the-happy-prince-and-other-tales.html","Free Kids Learning PDF"
"pin-77.jpg","the-hound-of-the-baskervilles","The Hound of the Baskervilles Free PDF Download - Sherlock Holmes investigates a legendary curse on the moors in Doyle Classic","Download The Hound of the Baskervilles by Sherlock Holmes investigates a legendary curse on the moors in Doyle completely free. No signup needed. case.. Instant PDF download at lifewithbooks.co #freebooks #freepdfs #lifewithbooks #thehoundofthebaskerville #sherlockholmesinvestigatesalegendarycurseonthemoorsindoyle #classicbooks","https://www.lifewithbooks.co/book/the-hound-of-the-baskervilles.html","Free Classic Books PDF"
"pin-78.jpg","the-house-of-the-seven-gables","The House of the Seven Gables Free PDF Download - Hawthorne Classic","Download The House of the Seven Gables by Hawthorne completely free. No signup needed. family.. Instant PDF download at lifewithbooks.co #freebooks #freepdfs #lifewithbooks #thehouseofthesevengables #hawthorne #classicbooks","https://www.lifewithbooks.co/book/the-house-of-the-seven-gables.html","Free Classic Books PDF"
"pin-79.jpg","the-hunchback-of-notre-dame","The Hunchback of Notre-Dame Free PDF Download - Hugo Classic","Download The Hunchback of Notre-Dame by Hugo completely free. No signup needed. Paris.. Instant PDF download at lifewithbooks.co #freebooks #freepdfs #lifewithbooks #thehunchbackofnotredame #hugo #classicbooks","https://www.lifewithbooks.co/book/the-hunchback-of-notre-dame.html","Free Classic Books PDF"
"pin-80.jpg","the-idiot","The Idiot Free PDF Download - Dostoevsky Classic","Download The Idiot by Dostoevsky completely free. No signup needed. triangle.. Instant PDF download at lifewithbooks.co #freebooks #freepdfs #lifewithbooks #theidiot #dostoevsky #classicbooks","https://www.lifewithbooks.co/book/the-idiot.html","Free Classic Books PDF"
"pin-81.jpg","the-importance-of-being-earnest","The Importance of Being Earnest Free PDF Download - Oscar Wilde Classic","Download The Importance of Being Earnest by Oscar Wilde completely free. No signup needed. absurdity.. Instant PDF download at lifewithbooks.co #freebooks #freepdfs #lifewithbooks #theimportanceofbeingearn #oscarwilde","https://www.lifewithbooks.co/book/the-importance-of-being-earnest.html","Free Classic Books PDF"
"pin-82.jpg","the-invisible-man","The Invisible Man Free PDF Download - H.G. Wells Classic","Download The Invisible Man by H.G. Wells completely free. No signup needed. H.G. Wells's science-fiction thriller about power, secrecy and a man who cannot be seen.. Instant PDF download at lifewithbooks.co #freebooks #freepdfs #lifewithbooks #theinvisibleman #hgwells #classicbooks","https://www.lifewithbooks.co/book/the-invisible-man.html","Free Classic Books PDF"
"pin-83.jpg","the-island-of-doctor-moreau","The Island of Doctor Moreau Free PDF Download - Wells Classic","Download The Island of Doctor Moreau by Wells completely free. No signup needed. creatures.. Instant PDF download at lifewithbooks.co #freebooks #freepdfs #lifewithbooks #theislandofdoctormoreau #wells #classicbooks","https://www.lifewithbooks.co/book/the-island-of-doctor-moreau.html","Free Classic Books PDF"
"pin-84.jpg","the-jungle","The Jungle Free PDF Download - Sinclair Classic","Download The Jungle by Sinclair completely free. No signup needed. industry.. Instant PDF download at lifewithbooks.co #freebooks #freepdfs #lifewithbooks #thejungle #sinclair #classicbooks","https://www.lifewithbooks.co/book/the-jungle.html","Free Classic Books PDF"
"pin-85.jpg","the-jungle-book","The Jungle Book Free PDF Download - Rudyard Kipling Classic","Download The Jungle Book by Rudyard Kipling completely free. No signup needed. jungle.. Instant PDF download at lifewithbooks.co #freebooks #freepdfs #lifewithbooks #thejunglebook #rudyardkipling #classicbooks","https://www.lifewithbooks.co/book/the-jungle-book.html","Free Classic Books PDF"
"pin-86.jpg","the-last-of-the-mohicans","The Last of the Mohicans Free PDF Download - Cooper Classic","Download The Last of the Mohicans by Cooper completely free. No signup needed. War.. Instant PDF download at lifewithbooks.co #freebooks #freepdfs #lifewithbooks #thelastofthemohicans #cooper #classicbooks","https://www.lifewithbooks.co/book/the-last-of-the-mohicans.html","Free Classic Books PDF"
"pin-87.jpg","the-lost-world","The Lost World Free PDF Download - Arthur Conan Doyle Classic","Download The Lost World by Arthur Conan Doyle completely free. No signup needed. explorers.. Instant PDF download at lifewithbooks.co #freebooks #freepdfs #lifewithbooks #thelostworld #arthurconandoyle","https://www.lifewithbooks.co/book/the-lost-world.html","Free Classic Books PDF"
"pin-88.jpg","the-man-in-the-iron-mask","The Man in the Iron Mask Free PDF Download - Dumas Classic","Download The Man in the Iron Mask by Dumas completely free. No signup needed. saga.. Instant PDF download at lifewithbooks.co #freebooks #freepdfs #lifewithbooks #themanintheironmask #dumas #classicbooks","https://www.lifewithbooks.co/book/the-man-in-the-iron-mask.html","Free Classic Books PDF"
"pin-89.jpg","the-mayor-of-casterbridge","The Mayor of Casterbridge Free PDF Download - Hardy Classic","Download The Mayor of Casterbridge by Hardy completely free. No signup needed. past.. Instant PDF download at lifewithbooks.co #freebooks #freepdfs #lifewithbooks #themayorofcasterbridge #hardy #classicbooks","https://www.lifewithbooks.co/book/the-mayor-of-casterbridge.html","Free Classic Books PDF"
"pin-90.jpg","the-memoirs-of-sherlock-holmes","The Memoirs of Sherlock Holmes Free PDF Download - Classic Author Classic","Download The Memoirs of Sherlock Holmes by Classic Author completely free. No signup needed. Moriarty.. Instant PDF download at lifewithbooks.co #freebooks #freepdfs #lifewithbooks #thememoirsofsherlockholm #classicbooks","https://www.lifewithbooks.co/book/the-memoirs-of-sherlock-holmes.html","Free Classic Books PDF"
"pin-91.jpg","the-metamorphosis","The Metamorphosis Free PDF Download - Kafka Classic","Download The Metamorphosis by Kafka completely free. No signup needed. family.. Instant PDF download at lifewithbooks.co #freebooks #freepdfs #lifewithbooks #themetamorphosis #kafka #classicbooks","https://www.lifewithbooks.co/book/the-metamorphosis.html","Free Classic Books PDF"
"pin-92.jpg","the-mysterious-island","The Mysterious Island Free PDF Download - Castaways use science and courage to survive on a remote island in Verne Classic","Download The Mysterious Island by Castaways use science and courage to survive on a remote island in Verne completely free. No signup needed. world.. Instant PDF download at lifewithbooks.co #freebooks #freepdfs #lifewithbooks #themysteriousisland #castawaysusescienceandcouragetosurviveonaremoteislandinverne #classicbooks","https://www.lifewithbooks.co/book/the-mysterious-island.html","Free Classic Books PDF"
"pin-93.jpg","the-odyssey","The Odyssey Free PDF Download - Homer Classic","Download The Odyssey by Homer completely free. No signup needed. War.. Instant PDF download at lifewithbooks.co #freebooks #freepdfs #lifewithbooks #theodyssey #homer #classicbooks","https://www.lifewithbooks.co/book/the-odyssey.html","Free Classic Books PDF"
"pin-94.jpg","the-picture-of-dorian-gray","The Picture of Dorian Gray Free PDF Download - Oscar Wilde Classic","Download The Picture of Dorian Gray by Oscar Wilde completely free. No signup needed. not.. Instant PDF download at lifewithbooks.co #freebooks #freepdfs #lifewithbooks #thepictureofdoriangray #oscarwilde #classicbooks","https://www.lifewithbooks.co/book/the-picture-of-dorian-gray.html","Free Classic Books PDF"
"pin-95.jpg","the-prince","The Prince Free PDF Download - Niccolò Machiavelli Classic","Download The Prince by Niccolò Machiavelli completely free. No signup needed. environments.. Instant PDF download at lifewithbooks.co #freebooks #freepdfs #lifewithbooks #theprince #niccolmachiavelli","https://www.lifewithbooks.co/book/the-prince.html","Free Classic Books PDF"
"pin-96.jpg","the-prince-and-the-pauper","The Prince and the Pauper Free PDF Download - Twain Classic","Download The Prince and the Pauper by Twain completely free. No signup needed. England.. Instant PDF download at lifewithbooks.co #freebooks #freepdfs #lifewithbooks #theprinceandthepauper #twain #classicbooks","https://www.lifewithbooks.co/book/the-prince-and-the-pauper.html","Free Classic Books PDF"
"pin-97.jpg","the-return-of-sherlock-holmes","The Return of Sherlock Holmes Free PDF Download - Thirteen stories marking Holmes Classic","Download The Return of Sherlock Holmes by Thirteen stories marking Holmes completely free. No signup needed. Falls.. Instant PDF download at lifewithbooks.co #freebooks #freepdfs #lifewithbooks #thereturnofsherlockholme #thirteenstoriesmarkingholmes #classicbooks","https://www.lifewithbooks.co/book/the-return-of-sherlock-holmes.html","Free Classic Books PDF"
"pin-98.jpg","the-scarlet-letter","The Scarlet Letter Free PDF Download - Hawthorne Classic","Download The Scarlet Letter by Hawthorne completely free. No signup needed. England.. Instant PDF download at lifewithbooks.co #freebooks #freepdfs #lifewithbooks #thescarletletter #hawthorne #classicbooks","https://www.lifewithbooks.co/book/the-scarlet-letter.html","Free Classic Books PDF"
"pin-99.jpg","the-secret-garden","The Secret Garden Free PDF Download - A lonely girl discovers a hidden garden and new life in Burnett Classic","Download The Secret Garden by A lonely girl discovers a hidden garden and new life in Burnett completely free. No signup needed. classic.. Instant PDF download at lifewithbooks.co #freebooks #freepdfs #lifewithbooks #thesecretgarden #alonelygirldiscoversahiddengardenandnewlifeinburnett #classicbooks","https://www.lifewithbooks.co/book/the-secret-garden.html","Free Classic Books PDF"
"pin-100.jpg","the-sign-of-the-four","The Sign of the Four Free PDF Download - Classic Author Classic","Download The Sign of the Four by Classic Author completely free. No signup needed. London.. Instant PDF download at lifewithbooks.co #freebooks #freepdfs #lifewithbooks #thesignofthefour #classicbooks","https://www.lifewithbooks.co/book/the-sign-of-the-four.html","Free Classic Books PDF"
"pin-101.jpg","the-strange-case-of-dr-jekyll-and-mr-hyde","The Strange Case of Dr Jekyll and Mr Hyde Free PDF Download - Stevenson Classic","Download The Strange Case of Dr Jekyll and Mr Hyde by Stevenson completely free. No signup needed. ego.. Instant PDF download at lifewithbooks.co #freebooks #freepdfs #lifewithbooks #thestrangecaseofdrjekyll #stevenson #classicbooks","https://www.lifewithbooks.co/book/the-strange-case-of-dr-jekyll-and-mr-hyde.html","Free Classic Books PDF"
"pin-102.jpg","the-three-musketeers","The Three Musketeers Free PDF Download - Dumas Classic","Download The Three Musketeers by Dumas completely free. No signup needed. France.. Instant PDF download at lifewithbooks.co #freebooks #freepdfs #lifewithbooks #thethreemusketeers #dumas #classicbooks","https://www.lifewithbooks.co/book/the-three-musketeers.html","Free Classic Books PDF"
"pin-103.jpg","the-time-machine","The Time Machine Free PDF Download - H.G. Wells Classic","Download The Time Machine by H.G. Wells completely free. No signup needed. H.G. Wells's pioneering science-fiction journey into the distant future of humanity.. Instant PDF download at lifewithbooks.co #freebooks #freepdfs #lifewithbooks #thetimemachine #hgwells #classicbooks","https://www.lifewithbooks.co/book/the-time-machine.html","Free Classic Books PDF"
"pin-104.jpg","the-turn-of-the-screw","The Turn of the Screw Free PDF Download - James Classic","Download The Turn of the Screw by James completely free. No signup needed. ghosts.. Instant PDF download at lifewithbooks.co #freebooks #freepdfs #lifewithbooks #theturnofthescrew #james #classicbooks","https://www.lifewithbooks.co/book/the-turn-of-the-screw.html","Free Classic Books PDF"
"pin-105.jpg","the-valley-of-fear","The Valley of Fear Free PDF Download - Classic Author Classic","Download The Valley of Fear by Classic Author completely free. No signup needed. coalfields.. Instant PDF download at lifewithbooks.co #freebooks #freepdfs #lifewithbooks #thevalleyoffear #classicbooks","https://www.lifewithbooks.co/book/the-valley-of-fear.html","Free Classic Books PDF"
"pin-106.jpg","the-war-of-the-worlds","The War of the Worlds Free PDF Download - H.G. Wells Classic","Download The War of the Worlds by H.G. Wells completely free. No signup needed. Earth.. Instant PDF download at lifewithbooks.co #freebooks #freepdfs #lifewithbooks #thewaroftheworlds #hgwells #classicbooks","https://www.lifewithbooks.co/book/the-war-of-the-worlds.html","Free Classic Books PDF"
"pin-107.jpg","the-wind-in-the-willows","The Wind in the Willows Free PDF Download - Classic Author Classic","Download The Wind in the Willows by Classic Author completely free. No signup needed. classic.. Instant PDF download at lifewithbooks.co #freebooks #freepdfs #lifewithbooks #thewindinthewillows","https://www.lifewithbooks.co/book/the-wind-in-the-willows.html","Free Kids Learning PDF"
"pin-108.jpg","the-wonderful-wizard-of-oz","The Wonderful Wizard of Oz Free PDF Download - Dorothy and her friends follow the yellow brick road in Baum Classic","Download The Wonderful Wizard of Oz by Dorothy and her friends follow the yellow brick road in Baum completely free. No signup needed. tale.. Instant PDF download at lifewithbooks.co #freebooks #freepdfs #lifewithbooks #thewonderfulwizardofoz #dorothyandherfriendsfollowtheyellowbrickroadinbaum #classicbooks","https://www.lifewithbooks.co/book/the-wonderful-wizard-of-oz.html","Free Classic Books PDF"
"pin-109.jpg","treasure-island","Treasure Island Free PDF Download - Robert Louis Stevenson Classic","Download Treasure Island by Robert Louis Stevenson completely free. No signup needed. gold.. Instant PDF download at lifewithbooks.co #freebooks #freepdfs #lifewithbooks #treasureisland #robertlouisstevenson","https://www.lifewithbooks.co/book/treasure-island.html","Free Classic Books PDF"
"pin-110.jpg","wuthering-heights","Wuthering Heights Free PDF Download - Emily Brontë Classic","Download Wuthering Heights by Emily Brontë completely free. No signup needed. moors.. Instant PDF download at lifewithbooks.co #freebooks #freepdfs #lifewithbooks #wutheringheights #emilybront #classicbooks","https://www.lifewithbooks.co/book/wuthering-heights.html","Free Classic Books PDF"
